,,,,,内测记录,内测记录,内测记录
功能子模块,功能点名称,功能描述,菜单路径,负责人,测试结论,测试反馈,整改情况
订单管理-订单查询,按订单号查询,支持按订单号精确查询订单，并展示订单基本信息,订单中心 / 订单管理 / 订单查询,张三,不通过,输入订单号后列表为空，接口返回 500,FALSE
,按状态筛选,,订单中心 / 订单管理 / 订单查询,张三,不通过,状态下拉选项与数据字典不一致,FALSE
,导出查询结果,,订单中心 / 订单管理 / 订单查询,张三,通过,,TRUE
库存管理-库存盘点,生成盘点单,按仓库与日期生成盘点单，明细行取当前账面库存,库存中心 / 库存管理 / 库存盘点,张三,不通过,生成后明细行为空,FALSE
库存管理-库存盘点,盘点差异调整,差异数量调整后同步更新库存台账并留痕,库存中心 / 库存管理 / 库存盘点,张三,不通过,调整后库存台账未更新,FALSE
库存管理-库存盘点,盘点单审核,审核盘点单并锁定明细，锁定后不可再编辑,库存中心 / 库存管理 / 库存盘点,张三,不通过,审核通过后明细仍可编辑,FALSE
报表中心-销售报表,日报表导出,按日导出销售汇总报表,报表中心 / 销售报表,张三,不通过,导出文件名乱码,TRUE
报表中心-销售报表,月报图表,按月展示销售趋势图表,报表中心 / 销售报表,李四,不通过,图表无数据,FALSE
